Workbook

Sheet Data Tracker
A1: CUSTOMER PAYMENT TRACKER
A2: Practice portfolio sample • All names and transactions are fictional
A4: Record ID | B4: Date | C4: Customer | D4: Invoice No. | E4: Invoice Amount (PHP) | F4: Amount Paid (PHP) | G4: Balance (PHP) | H4: Payment Status
A5: PT-1001 | B5: 2026-09-02 | C5: Mabini Supplies | D5: INV-26091 | E5: 12500 | F5: 12500 | G5: =E5-F5 | H5: =IF(G5=0,"Paid",IF(F5=0,"Unpaid","Partial"))
A6: PT-1002 | B6: 2026-09-04 | C6: Northstar Cafe | D6: INV-26092 | E6: 8400 | F6: 5000 | G6: =E6-F6 | H6: =IF(G6=0,"Paid",IF(F6=0,"Unpaid","Partial"))
A7: PT-1003 | B7: 2026-09-05 | C7: Luna Office Hub | D7: INV-26093 | E7: 15750 | F7: 15750 | G7: =E7-F7 | H7: =IF(G7=0,"Paid",IF(F7=0,"Unpaid","Partial"))
A8: PT-1004 | B8: 2026-09-08 | C8: Greenfield Trading | D8: INV-26094 | E8: 9200 | F8: 0 | G8: =E8-F8 | H8: =IF(G8=0,"Paid",IF(F8=0,"Unpaid","Partial"))
A9: PT-1005 | B9: 2026-09-11 | C9: Mabini Supplies | D9: INV-26095 | E9: 6400 | F9: 3000 | G9: =E9-F9 | H9: =IF(G9=0,"Paid",IF(F9=0,"Unpaid","Partial"))
A10: PT-1006 | B10: 2026-09-14 | C10: Harborview Services | D10: INV-26096 | E10: 18800 | F10: 18800 | G10: =E10-F10 | H10: =IF(G10=0,"Paid",IF(F10=0,"Unpaid","Partial"))
A11: PT-1007 | B11: 2026-09-18 | C11: Northstar Cafe | D11: INV-26097 | E11: 7300 | F11: 7300 | G11: =E11-F11 | H11: =IF(G11=0,"Paid",IF(F11=0,"Unpaid","Partial"))
A12: PT-1008 | B12: 2026-09-21 | C12: Luna Office Hub | D12: INV-26098 | E12: 11200 | F12: 6000 | G12: =E12-F12 | H12: =IF(G12=0,"Paid",IF(F12=0,"Unpaid","Partial"))
A13: PT-1009 | B13: 2026-09-24 | C13: Greenfield Trading | D13: INV-26099 | E13: 5600 | F13: 5600 | G13: =E13-F13 | H13: =IF(G13=0,"Paid",IF(F13=0,"Unpaid","Partial"))
A14: PT-1010 | B14: 2026-09-28 | C14: Harborview Services | D14: INV-26100 | E14: 14300 | F14: 0 | G14: =E14-F14 | H14: =IF(G14=0,"Paid",IF(F14=0,"Unpaid","Partial"))

Sheet Summary
A1: MONTHLY PAYMENT SUMMARY
A2: September 2026 • Fictional data for demonstration
A4: Metric | B4: Result | C4: How it is calculated
A5: Total Invoiced | B5: =SUM('Data Tracker'!E5:E14) | C5: Sum of invoice amounts
A6: Total Collected | B6: =SUM('Data Tracker'!F5:F14) | C6: Sum of recorded payments
A7: Outstanding Balance | B7: =SUM('Data Tracker'!G5:G14) | C7: Total invoiced less payments
A8: Paid Invoices | B8: =COUNTIF('Data Tracker'!H5:H14,"Paid") | C8: Records with zero balance
A9: Partial / Unpaid | B9: =COUNTIF('Data Tracker'!H5:H14,"Partial")+COUNTIF('Data Tracker'!H5:H14,"Unpaid") | C9: Records requiring follow-up
A12: Review notes
A13: • Filter the Data Tracker by Payment Status to identify follow-up items.
A14: • Check invoice amounts and payments before sending a report.
A15: • This workbook is a demonstration template, not a real customer ledger.
